{"loss": [0.04469119247850821, 0.044688460534111095], "acc": [0.366188587122368, 0.37168141592920356]}